{"cameraMode":{"drawMode":0,"name":"Shaded","section":"Shading Mode"},"sceneLighting":false,"audioPlay":false,"sceneViewState":{"m_AlwaysRefresh":false,"showFog":true,"showSkybox":false,"showFlares":true,"showImageEffects":true,"showParticleSystems":true,"showVisualEffectGraphs":true,"m_FxEnabled":true},"in2DMode":false,"pivot":{"x":-0.013348400592803955,"y":0.8339537382125855,"z":2.5331974029541018e-7},"rotation":{"x":0.37302684783935549,"y":-0.0314423032104969,"z":0.012649726122617722,"w":0.9272016882896423},"size":1.2675436735153199,"orthographic":false}