{"cameraMode":{"drawMode":0,"name":"Shaded","section":"Shading Mode"},"sceneLighting":false,"audioPlay":false,"sceneViewState":{"m_AlwaysRefresh":false,"showFog":true,"showSkybox":false,"showFlares":true,"showImageEffects":true,"showParticleSystems":true,"showVisualEffectGraphs":true,"m_FxEnabled":true},"in2DMode":false,"pivot":{"x":0.003374166786670685,"y":-0.0001927502453327179,"z":0.029277995228767396},"rotation":{"x":0.37302684783935549,"y":-0.0314423032104969,"z":0.012649726122617722,"w":0.9272016882896423},"size":0.17261384427547456,"orthographic":false}