{"cameraMode":{"drawMode":0,"name":"Shaded","section":"Shading Mode"},"sceneLighting":false,"audioPlay":false,"sceneViewState":{"m_AlwaysRefresh":false,"showFog":true,"showSkybox":false,"showFlares":true,"showImageEffects":true,"showParticleSystems":true,"showVisualEffectGraphs":true,"m_FxEnabled":true},"in2DMode":false,"pivot":{"x":0.000025928020477294922,"y":-0.08040419220924378,"z":0.02627960592508316},"rotation":{"x":0.37302684783935549,"y":-0.0314423032104969,"z":0.012649726122617722,"w":0.9272016882896423},"size":0.40422970056533816,"orthographic":false}