{"cameraMode":{"drawMode":0,"name":"Shaded","section":"Shading Mode"},"sceneLighting":false,"audioPlay":false,"sceneViewState":{"m_AlwaysRefresh":false,"showFog":true,"showSkybox":false,"showFlares":true,"showImageEffects":true,"showParticleSystems":true,"showVisualEffectGraphs":true,"m_FxEnabled":true},"in2DMode":false,"pivot":{"x":0.000039968639612197876,"y":0.007835954427719117,"z":0.000018499791622161865},"rotation":{"x":0.37302684783935549,"y":-0.0314423032104969,"z":0.012649726122617722,"w":0.9272016882896423},"size":0.09637842327356339,"orthographic":false}